ProductID,VariantID,Title,Handle,ProductType,VariantTitle,SKU,Price,CompareAtPrice,Available,Grams,Origin,Process,Method,Type,Profile,Caffeine,PublishedAt,UpdatedAt,ScrapedMonth
6824294547554,40195930128482,Café Comunión Blend,cafe-comunion-blend,Coffee,10oz,1966,9.68,,true,312,Colombia / Ethiopia,Washed,Espresso / Filter,blend,modern,,2025-11-04,2026-06-24,2026-06
6824294547554,40195930161250,Café Comunión Blend,cafe-comunion-blend,Coffee,5lbs,1967,53.55,,true,2313,Colombia / Ethiopia,Washed,Espresso / Filter,blend,modern,,2025-11-04,2026-06-24,2026-06
7530797400162,42671954296930,Flamingo Reserve,flamingo-reserve,Coffee,10oz Case Pack (6),BLD-FR-6x10OZ,77.94,,true,1701,Colombia / Ethiopia,Washed,Espresso,blend,traditional,,2026-03-23,2026-06-24,2026-06
6833630183522,40226943238242,Toddy,toddy,Coffee,Default Title,1406,45.00,,true,0,,,,,,,2025-03-10,2026-06-24,2026-06
7326642077794,41841301487714,Porter Blend,porter-blend,Coffee,10oz,BLD-PB-10OZ,12.00,,true,312,Colombia / Ethiopia / Honduras,Washed,Espresso / Filter,blend,modern,,2025-03-31,2026-06-24,2026-06
7326642077794,41841301520482,Porter Blend,porter-blend,Coffee,5lbs,BLD-PB-5LBS,60.00,,true,2313,Colombia / Ethiopia / Honduras,Washed,Espresso / Filter,blend,modern,,2025-03-31,2026-06-24,2026-06
6819333242978,40181262549090,The Daily,the-daily,Coffee,10oz,10357,14.00,,true,298,,,,,,,2022-11-29,2026-06-24,2026-06
6819333242978,40181378547810,The Daily,the-daily,Coffee,2lbs,10358,30.00,,true,298,,,,,,,2022-11-29,2026-06-24,2026-06
6819333242978,40181262581858,The Daily,the-daily,Coffee,5lbs,10359,80.00,,true,2313,,,,,,,2022-11-29,2026-06-24,2026-06
6802421874786,40120271175778,Cross Church Blend,cross-church-blend,Coffee,5lbs,1841,26.25,,true,2268,,,,,,,2022-10-25,2026-06-24,2026-06
6803019268194,40120272683106,Life Church Blend (Rogers),life-church-rogers,,1.4lbs,10258,14.00,,true,2268,,,,,,,2022-10-25,2026-06-24,2026-06
6803019268194,40120272715874,Life Church Blend (Rogers),life-church-rogers,,12oz,10259,9.25,,true,2268,,,,,,,2022-10-25,2026-06-24,2026-06
6840799428706,40248225366114,Notion,notion,Coffee,10oz,1627,10.25,,true,312,Colombia / Ethiopia,Washed,Espresso / Filter,blend,traditional,,2025-10-31,2026-06-24,2026-06
6840799428706,40248225398882,Notion,notion,Coffee,2lbs,1628,29.00,,true,953,Colombia / Ethiopia,Washed,Espresso / Filter,blend,traditional,,2025-10-31,2026-06-24,2026-06
6840799428706,40248225431650,Notion,notion,Coffee,5lbs,1629,56.00,,true,2313,Colombia / Ethiopia,Washed,Espresso / Filter,blend,traditional,,2025-10-31,2026-06-24,2026-06
6899794608226,40450899640418,Balanced,balanced,Coffee,10oz,10653,11.25,,true,312,Colombia / Ethiopia,Washed,Espresso / Filter,blend,modern,,2023-09-14,2026-06-24,2026-06
6899794608226,40450899673186,Balanced,balanced,Coffee,2lbs,10654,30.00,,true,953,Colombia / Ethiopia,Washed,Espresso / Filter,blend,modern,,2023-09-14,2026-06-24,2026-06
6899794608226,40450899705954,Balanced,balanced,Coffee,5lbs,10655,58.00,,true,2313,Colombia / Ethiopia,Washed,Espresso / Filter,blend,modern,,2023-09-14,2026-06-24,2026-06
6820422746210,40184548098146,Bungalow - Everybody's Busy,bungalow-everybodys-busy,Coffee,10oz,10364,10.25,,true,298,,,,,,,2022-12-02,2026-06-24,2026-06
6820422746210,40184548950114,Bungalow - Everybody's Busy,bungalow-everybodys-busy,Coffee,2lbs,10365,29.00,,true,298,,,,,,,2022-12-02,2026-06-24,2026-06
6820422746210,40184548130914,Bungalow - Everybody's Busy,bungalow-everybodys-busy,Coffee,5lbs,10366,56.00,,true,2313,,,,,,,2022-12-02,2026-06-24,2026-06
6942437015650,40569899155554,Destroyer,destroyer,Coffee,10oz,10724,14.00,,true,312,,,,,,,2023-11-29,2026-06-24,2026-06
6942437015650,40569899188322,Destroyer,destroyer,Coffee,2lbs,10725,42.00,,true,953,,,,,,,2023-11-29,2026-06-24,2026-06
6942437015650,40569899221090,Destroyer,destroyer,Coffee,5lbs,10726,86.00,,true,2313,,,,,,,2023-11-29,2026-06-24,2026-06
6838862643298,40242669912162,Everybody's Busy,everybodys-busy,Coffee,10oz,1608,9.50,,true,312,Colombia / Ethiopia,Washed,Espresso / Filter,blend,traditional,,2025-10-30,2026-06-24,2026-06
6838862643298,40242669944930,Everybody's Busy,everybodys-busy,Coffee,2lbs,1609,28.50,,true,953,Colombia / Ethiopia,Washed,Espresso / Filter,blend,traditional,,2025-10-30,2026-06-24,2026-06
6838862643298,40242669977698,Everybody's Busy,everybodys-busy,Coffee,5lbs,1610,50.00,,true,2313,Colombia / Ethiopia,Washed,Espresso / Filter,blend,traditional,,2025-10-30,2026-06-24,2026-06
6867184844898,40335868035170,Hello Local's Off Trail,hello-locals-off-trail,Coffee,4oz,1984,8.00,,true,142,,,,,,,2023-05-05,2026-06-24,2026-06
6867184844898,40335860990050,Hello Local's Off Trail,hello-locals-off-trail,Coffee,10oz,1643,13.75,,true,312,,,,,,,2023-05-05,2026-06-24,2026-06
6817553678434,40176665591906,Lake Effect,lake-effect,Coffee,10oz,10344,10.25,,true,298,,,,,,,2022-11-29,2026-06-24,2026-06
6817553678434,40176665624674,Lake Effect,lake-effect,Coffee,5lbs,10345,56.00,,true,2313,,,,,,,2022-11-29,2026-06-24,2026-06
6825371074658,42503776338018,Silhouette,silhouette,Coffee,2oz,SILH-2OZ,6.00,,true,85,Colombia / Ethiopia,Washed,Espresso / Filter,blend,traditional,,2025-12-12,2026-06-24,2026-06
6825371074658,40198671630434,Silhouette,silhouette,Coffee,10oz,1985,9.50,,true,312,Colombia / Ethiopia,Washed,Espresso / Filter,blend,traditional,,2025-12-12,2026-06-24,2026-06
6825371074658,40198671663202,Silhouette,silhouette,Coffee,5lbs,1986,50.00,,true,2313,Colombia / Ethiopia,Washed,Espresso / Filter,blend,traditional,,2025-12-12,2026-06-24,2026-06
6825371074658,41053894049890,Silhouette,silhouette,Coffee,10oz Case Pack (6),11009,57.00,,true,1701,Colombia / Ethiopia,Washed,Espresso / Filter,blend,traditional,,2025-12-12,2026-06-24,2026-06
6825371074658,41053894082658,Silhouette,silhouette,Coffee,5lbs Case Pack (8),11010,400.00,,true,18144,Colombia / Ethiopia,Washed,Espresso / Filter,blend,traditional,,2025-12-12,2026-06-24,2026-06
6802946687074,42714942505058,Ozark Natural Foods (Co-Op Blend),ozark-natural-foods-co-op-blend,Coffee,10oz,10110,30.00,,true,312,Colombia / Ethiopia / Honduras,Washed,Filter,blend,modern,,2024-03-01,2026-06-24,2026-06
6802946687074,40120265474146,Ozark Natural Foods (Co-Op Blend),ozark-natural-foods-co-op-blend,Coffee,5lbs,10111,100.00,,true,2313,Colombia / Ethiopia / Honduras,Washed,Filter,blend,modern,,2024-03-01,2026-06-24,2026-06
7499685396578,42477537296482,Muse,muse,Coffee,5lbs,MUSE-5LB,120.00,,true,2313,Colombia / Ethiopia / Honduras,Washed,Filter,blend,modern,,2026-01-22,2026-06-24,2026-06
7501722681442,42651164147810,Joe & The Juice Filter (Internal),joe-the-juice-filter-internal,Coffee,2oz,JJF-2OZ-INT,3.30,,true,85,Colombia / Ethiopia / Honduras,Washed,Espresso / Filter,blend,modern,,2025-12-08,2026-06-24,2026-06
7501722681442,42503390068834,Joe & The Juice Filter (Internal),joe-the-juice-filter-internal,Coffee,2lbs,JJF-2LB-INT,50.00,,true,953,Colombia / Ethiopia / Honduras,Washed,Espresso / Filter,blend,modern,,2025-12-08,2026-06-24,2026-06
6872284725346,40355118940258,Hopper Cards,hopper-cards-1,Merchandise,Southern Weather,2153,0.00,,true,0,,,,,,,2023-05-26,2026-06-24,2026-06
6872284725346,40355118973026,Hopper Cards,hopper-cards-1,Merchandise,Geometry,2156,0.00,,true,0,,,,,,,2023-05-26,2026-06-24,2026-06
6872284725346,40355119005794,Hopper Cards,hopper-cards-1,Merchandise,Monarch,2155,0.00,,true,0,,,,,,,2023-05-26,2026-06-24,2026-06
6872284725346,40377926910050,Hopper Cards,hopper-cards-1,Merchandise,Tropical Weather,2154,0.00,,true,0,,,,,,,2023-05-26,2026-06-24,2026-06
4479039766626,42332392489058,Southern Weather,southern-weather,Coffee,2oz,1411-2OZ,6.00,,true,85,Colombia / Ethiopia / Honduras,Washed,Filter,blend,modern,full,2025-06-10,2026-06-24,2026-06
4479039766626,31862699917410,Southern Weather,southern-weather,Coffee,10oz,1412,21.50,,true,312,Colombia / Ethiopia / Honduras,Washed,Filter,blend,modern,full,2025-06-10,2026-06-24,2026-06
4479039766626,31862699950178,Southern Weather,southern-weather,Coffee,2lbs,1413,56.50,,true,953,Colombia / Ethiopia / Honduras,Washed,Filter,blend,modern,full,2025-06-10,2026-06-24,2026-06
4479039766626,31862699982946,Southern Weather,southern-weather,Coffee,5lbs,1414,120.00,,true,2313,Colombia / Ethiopia / Honduras,Washed,Filter,blend,modern,full,2025-06-10,2026-06-24,2026-06
4479039766626,41271841390690,Southern Weather,southern-weather,Coffee,10oz Case Pack (6),10948,114.00,,true,1701,Colombia / Ethiopia / Honduras,Washed,Filter,blend,modern,full,2025-06-10,2026-06-24,2026-06
4479039766626,41271841423458,Southern Weather,southern-weather,Coffee,5lbs Case Pack (8),10949,848.00,,true,18144,Colombia / Ethiopia / Honduras,Washed,Filter,blend,modern,full,2025-06-10,2026-06-24,2026-06
4478727356514,42331808989282,Monarch,monarch,Coffee,2oz,1415-2OZ,6.00,,true,85,Colombia / Ethiopia,Washed,Espresso,blend,traditional,full,2025-12-08,2026-06-24,2026-06
4478727356514,31861823176802,Monarch,monarch,Coffee,10oz,1416,21.50,,true,312,Colombia / Ethiopia,Washed,Espresso,blend,traditional,full,2025-12-08,2026-06-24,2026-06
4478727356514,31861823209570,Monarch,monarch,Coffee,2lbs,1417,58.50,,true,953,Colombia / Ethiopia,Washed,Espresso,blend,traditional,full,2025-12-08,2026-06-24,2026-06
4478727356514,31861823242338,Monarch,monarch,Coffee,5lbs,1418,122.00,,true,2313,Colombia / Ethiopia,Washed,Espresso,blend,traditional,full,2025-12-08,2026-06-24,2026-06
4478727356514,41211277049954,Monarch,monarch,Coffee,10oz Case Pack (6),10952,114.00,,true,1701,Colombia / Ethiopia,Washed,Espresso,blend,traditional,full,2025-12-08,2026-06-24,2026-06
4478727356514,41211277082722,Monarch,monarch,Coffee,5lbs Case Pack (8),10953,864.00,,true,18144,Colombia / Ethiopia,Washed,Espresso,blend,traditional,full,2025-12-08,2026-06-24,2026-06
4479041405026,42332397994082,Tropical Weather,tropical-weather,Coffee,2oz,1407-2OZ,6.00,,true,85,Ethiopia,Natural / Washed,Espresso / Filter,blend,modern,full,2025-11-06,2026-06-24,2026-06
4479041405026,31862710173794,Tropical Weather,tropical-weather,Coffee,10oz,1408,24.50,,true,312,Ethiopia,Natural / Washed,Espresso / Filter,blend,modern,full,2025-11-06,2026-06-24,2026-06
4479041405026,31862710206562,Tropical Weather,tropical-weather,Coffee,2lbs,1409,68.50,,true,953,Ethiopia,Natural / Washed,Espresso / Filter,blend,modern,full,2025-11-06,2026-06-24,2026-06
4479041405026,31862710239330,Tropical Weather,tropical-weather,Coffee,5lbs,1410,146.00,,true,2313,Ethiopia,Natural / Washed,Espresso / Filter,blend,modern,full,2025-11-06,2026-06-24,2026-06
4479041405026,41271801774178,Tropical Weather,tropical-weather,Coffee,10oz Case Pack (6),10954,132.00,,true,1701,Ethiopia,Natural / Washed,Espresso / Filter,blend,modern,full,2025-11-06,2026-06-24,2026-06
4479041405026,41271801806946,Tropical Weather,tropical-weather,Coffee,5lbs Case Pack (8),10955,1056.00,,true,18144,Ethiopia,Natural / Washed,Espresso / Filter,blend,modern,full,2025-11-06,2026-06-24,2026-06
4479043502178,42332385673314,Geometry,geometry,Coffee,2oz,1440-2OZ,6.00,,true,85,Colombia / Ethiopia,Washed,Espresso / Filter,blend,modern,full,2025-06-10,2026-06-24,2026-06
4479043502178,31862717677666,Geometry,geometry,Coffee,10oz,1441,22.50,,true,312,Colombia / Ethiopia,Washed,Espresso / Filter,blend,modern,full,2025-06-10,2026-06-24,2026-06
4479043502178,31862717710434,Geometry,geometry,Coffee,2lbs,1442,59.50,,true,953,Colombia / Ethiopia,Washed,Espresso / Filter,blend,modern,full,2025-06-10,2026-06-24,2026-06
4479043502178,31862717743202,Geometry,geometry,Coffee,5lbs,1443,124.00,,true,2313,Colombia / Ethiopia,Washed,Espresso / Filter,blend,modern,full,2025-06-10,2026-06-24,2026-06
4479043502178,41271828807778,Geometry,geometry,Coffee,10oz Case Pack (6),10950,120.00,,true,1701,Colombia / Ethiopia,Washed,Espresso / Filter,blend,modern,full,2025-06-10,2026-06-24,2026-06
4479043502178,41271828840546,Geometry,geometry,Coffee,5lbs Case Pack (8),10951,960.00,,true,18144,Colombia / Ethiopia,Washed,Espresso / Filter,blend,modern,full,2025-06-10,2026-06-24,2026-06
4479042912354,42332388786274,Power Nap,power-nap,Coffee,2oz,1452-2OZ,6.00,,true,85,Colombia / Ethiopia,Washed,Filter,blend,modern,partial,2020-08-05,2026-06-24,2026-06
4479042912354,31862716760162,Power Nap,power-nap,Coffee,10oz,1453,24.50,,true,312,Colombia / Ethiopia,Washed,Filter,blend,modern,partial,2020-08-05,2026-06-24,2026-06
4479042912354,31862716792930,Power Nap,power-nap,Coffee,2lbs,1454,68.50,,true,953,Colombia / Ethiopia,Washed,Filter,blend,modern,partial,2020-08-05,2026-06-24,2026-06
4479042912354,31862716825698,Power Nap,power-nap,Coffee,5lbs,1455,138.00,,true,2313,Colombia / Ethiopia,Washed,Filter,blend,modern,partial,2020-08-05,2026-06-24,2026-06
4479042912354,40911400829026,Power Nap,power-nap,Coffee,10oz Case Pack (6),10956,132.00,,true,1701,Colombia / Ethiopia,Washed,Filter,blend,modern,partial,2020-08-05,2026-06-24,2026-06
4479042912354,40911400861794,Power Nap,power-nap,Coffee,5lbs Case Pack (8),10957,992.00,,true,18144,Colombia / Ethiopia,Washed,Filter,blend,modern,partial,2020-08-05,2026-06-24,2026-06
4485401313378,42331820032098,Cold Brew,cold-brew,Coffee,2oz,1419-2OZ,6.00,,true,85,Colombia,Washed,,blend,traditional,full,2025-11-06,2026-06-24,2026-06
4485401313378,31888816078946,Cold Brew,cold-brew,Coffee,10oz,1420,21.50,,true,312,Colombia,Washed,,blend,traditional,full,2025-11-06,2026-06-24,2026-06
4485401313378,31888816111714,Cold Brew,cold-brew,Coffee,2lbs,1421,56.50,,true,953,Colombia,Washed,,blend,traditional,full,2025-11-06,2026-06-24,2026-06
4485401313378,31888816144482,Cold Brew,cold-brew,Coffee,5lbs,1422,118.00,,true,2313,Colombia,Washed,,blend,traditional,full,2025-11-06,2026-06-24,2026-06
4485401313378,40911412658274,Cold Brew,cold-brew,Coffee,10oz Case Pack (6),10958,114.00,,true,1701,Colombia,Washed,,blend,traditional,full,2025-11-06,2026-06-24,2026-06
4485401313378,40911412691042,Cold Brew,cold-brew,Coffee,5lbs Case Pack (8),10959,832.00,,true,18144,Colombia,Washed,,blend,traditional,full,2025-11-06,2026-06-24,2026-06
4486021152866,42332054454370,Eclipse,eclipse,Coffee,2oz,1385-2OZ,6.00,,true,85,Colombia,Washed,Filter,blend / single origin,traditional,full,2020-08-25,2026-06-24,2026-06
4486021152866,31891087884386,Eclipse,eclipse,Coffee,10oz,1386,22.50,,true,312,Colombia,Washed,Filter,blend / single origin,traditional,full,2020-08-25,2026-06-24,2026-06
4486021152866,31891087917154,Eclipse,eclipse,Coffee,2lbs,1387,60.50,,true,953,Colombia,Washed,Filter,blend / single origin,traditional,full,2020-08-25,2026-06-24,2026-06
4486021152866,31891087949922,Eclipse,eclipse,Coffee,5lbs,1388,126.00,,true,2313,Colombia,Washed,Filter,blend / single origin,traditional,full,2020-08-25,2026-06-24,2026-06
4486021152866,40911276310626,Eclipse,eclipse,Coffee,10oz Case Pack (6),10960,120.00,,true,1701,Colombia,Washed,Filter,blend / single origin,traditional,full,2020-08-25,2026-06-24,2026-06
4486021152866,40911276343394,Eclipse,eclipse,Coffee,5lbs Case Pack (8),10961,896.00,,true,18144,Colombia,Washed,Filter,blend / single origin,traditional,full,2020-08-25,2026-06-24,2026-06
6963257409634,42332053799010,Decaf Colombia Inzá San Antonio,decaf-colombia-inza-san-antonio,Coffee,2oz,10806-2OZ,7.00,,true,85,Colombia,Washed,Espresso / Filter,single origin,modern,decaf,2023-12-20,2026-06-24,2026-06
6963257409634,40624612802658,Decaf Colombia Inzá San Antonio,decaf-colombia-inza-san-antonio,Coffee,10oz,10807,24.50,,true,312,Colombia,Washed,Espresso / Filter,single origin,modern,decaf,2023-12-20,2026-06-24,2026-06
6963257409634,40624612835426,Decaf Colombia Inzá San Antonio,decaf-colombia-inza-san-antonio,Coffee,2lbs,10808,68.50,,true,953,Colombia,Washed,Espresso / Filter,single origin,modern,decaf,2023-12-20,2026-06-24,2026-06
6963257409634,40624612868194,Decaf Colombia Inzá San Antonio,decaf-colombia-inza-san-antonio,Coffee,5lbs,10809,146.00,,true,2313,Colombia,Washed,Espresso / Filter,single origin,modern,decaf,2023-12-20,2026-06-24,2026-06
6963257409634,40912003268706,Decaf Colombia Inzá San Antonio,decaf-colombia-inza-san-antonio,Coffee,10oz Case Pack (6),10962,132.00,,true,1701,Colombia,Washed,Espresso / Filter,single origin,modern,decaf,2023-12-20,2026-06-24,2026-06
6963257409634,40912003301474,Decaf Colombia Inzá San Antonio,decaf-colombia-inza-san-antonio,Coffee,5lbs Case Pack (8),10963,1056.00,,true,18144,Colombia,Washed,Espresso / Filter,single origin,modern,decaf,2023-12-20,2026-06-24,2026-06
7620230283362,42979677438050,Decaf Espresso - Peru Norandino,decaf-espresso-peru-norandino,Coffee,2lbs,PE-DE-PN-2LBS,70.00,,true,953,Peru,Washed,Espresso / Filter,single origin,traditional,decaf,2026-06-04,2026-06-24,2026-06
7620230283362,42979677470818,Decaf Espresso - Peru Norandino,decaf-espresso-peru-norandino,Coffee,5lbs,PE-DE-PN-5LBS,160.00,,true,2313,Peru,Washed,Espresso / Filter,single origin,traditional,decaf,2026-06-04,2026-06-24,2026-06
7620230283362,42979677503586,Decaf Espresso - Peru Norandino,decaf-espresso-peru-norandino,Coffee,5lbs Case Pack (8),PE-DE-PN-8x5LBS,1216.00,,true,18144,Peru,Washed,Espresso / Filter,single origin,traditional,decaf,2026-06-04,2026-06-24,2026-06
7516328263778,42652006678626,Ecuador La Papaya Typica,ecuador-la-papaya-typica-26,Coffee,2oz,EC-ELPT-2OZ,9.00,,true,85,Ecuador,Dry Washed,Espresso / Filter,single origin,modern,full,2026-03-26,2026-06-24,2026-06
7516328263778,42652006711394,Ecuador La Papaya Typica,ecuador-la-papaya-typica-26,Coffee,10oz,EC-ELPT-10OZ-ALT,38.00,,true,312,Ecuador,Dry Washed,Espresso / Filter,single origin,modern,full,2026-03-26,2026-06-24,2026-06
7516328263778,42652006744162,Ecuador La Papaya Typica,ecuador-la-papaya-typica-26,Coffee,2lbs,EC-ELPT-2LBS-ALT,120.00,,true,953,Ecuador,Dry Washed,Espresso / Filter,single origin,modern,full,2026-03-26,2026-06-24,2026-06
7516328263778,42652006776930,Ecuador La Papaya Typica,ecuador-la-papaya-typica-26,Coffee,5lbs,EC-ELPT-5LBS-ALT,200.00,,true,2313,Ecuador,Dry Washed,Espresso / Filter,single origin,modern,full,2026-03-26,2026-06-24,2026-06
7516328263778,42652006809698,Ecuador La Papaya Typica,ecuador-la-papaya-typica-26,Coffee,10oz Case Pack (6),EC-ELPT-6x10OZ-ALT,216.60,,true,1701,Ecuador,Dry Washed,Espresso / Filter,single origin,modern,full,2026-03-26,2026-06-24,2026-06
7516328263778,42652006842466,Ecuador La Papaya Typica,ecuador-la-papaya-typica-26,Coffee,5lbs Case Pack (8),EC-ELPT-8x5LBS-ALT,1520.00,,true,18144,Ecuador,Dry Washed,Espresso / Filter,single origin,modern,full,2026-03-26,2026-06-24,2026-06
7482229063778,42406725517410,Panama Mount Totumas Gesha,panama-mount-totumas-gesha,Coffee,10oz,PA-PMTG-10OZ,92.00,,true,312,Panama,Washed,Espresso / Filter,single origin,modern,full,2025-12-29,2026-06-24,2026-06
7422416879714,42332388687970,Panama Finca Deborah Nirvana Gesha,panama-finca-deborah-nirvana-gesha,Coffee,2oz,PA-PFDNG-2OZ,33.00,,true,85,Panama,Anaerobic Natural,Espresso / Filter,single origin,modern,full,2026-04-30,2026-06-24,2026-06
7422416879714,42251458412642,Panama Finca Deborah Nirvana Gesha,panama-finca-deborah-nirvana-gesha,Coffee,10oz,PA-PFDNG-10OZ,144.00,,true,312,Panama,Anaerobic Natural,Espresso / Filter,single origin,modern,full,2026-04-30,2026-06-24,2026-06
7491247669346,42550798680162,Colombia Brayan Smith Gesha,colombia-brayan-smith-gesha,Coffee,2oz,CO-CBSG-2OZ,8.00,,true,85,Colombia,Washed,Espresso / Filter,single origin,modern,full,2026-02-12,2026-06-24,2026-06
7491247669346,42550798712930,Colombia Brayan Smith Gesha,colombia-brayan-smith-gesha,Coffee,10oz,CO-CBSG-10OZ,40.00,,true,312,Colombia,Washed,Espresso / Filter,single origin,modern,full,2026-02-12,2026-06-24,2026-06
7491247669346,42550798745698,Colombia Brayan Smith Gesha,colombia-brayan-smith-gesha,Coffee,2lbs,CO-CBSG-2LBS,120.00,,true,953,Colombia,Washed,Espresso / Filter,single origin,modern,full,2026-02-12,2026-06-24,2026-06
7491247669346,42550798778466,Colombia Brayan Smith Gesha,colombia-brayan-smith-gesha,Coffee,5lbs,CO-CBSG-5LBS,200.00,,true,2313,Colombia,Washed,Espresso / Filter,single origin,modern,full,2026-02-12,2026-06-24,2026-06
7491247669346,42550798811234,Colombia Brayan Smith Gesha,colombia-brayan-smith-gesha,Coffee,10oz Case Pack (6),CO-CBSG-6x10OZ,228.00,,true,1701,Colombia,Washed,Espresso / Filter,single origin,modern,full,2026-02-12,2026-06-24,2026-06
7491247669346,42550798844002,Colombia Brayan Smith Gesha,colombia-brayan-smith-gesha,Coffee,5lbs Case Pack (8),CO-CBSG-8x5LBS,1520.00,,true,18144,Colombia,Washed,Espresso / Filter,single origin,modern,full,2026-02-12,2026-06-24,2026-06
7273157558370,41628993093730,Colombia El Tambo-AMACA,colombia-el-tambo-amaca,Coffee,8oz,CO-EL-TAM-AMA-8OZ,16.00,,true,255,Colombia,Washed,Espresso / Filter,single origin,modern,,2026-05-18,2026-06-24,2026-06
7273157558370,41628993126498,Colombia El Tambo-AMACA,colombia-el-tambo-amaca,Coffee,27oz,CO-EL-TAM-AMA-27OZ,36.00,,true,794,Colombia,Washed,Espresso / Filter,single origin,modern,,2026-05-18,2026-06-24,2026-06
7273157558370,43035202846818,Colombia El Tambo-AMACA,colombia-el-tambo-amaca,Coffee,5lb,CO-EL-TAM-AMA-5LB,160.00,,false,255,Colombia,Washed,Espresso / Filter,single origin,modern,,2026-05-18,2026-06-24,2026-06
7274298179682,41628995747938,Ethiopia Shakiso Wessi Station Natural,ethiopia-shakiso-wessi-station-natural,Coffee,8oz,ET-SHA-WES-STA-NAT-8OZ,16.00,,true,255,Colombia / Ethiopia,Natural,Espresso / Filter,single origin,modern,,2026-05-18,2026-06-24,2026-06
7274298179682,41628995780706,Ethiopia Shakiso Wessi Station Natural,ethiopia-shakiso-wessi-station-natural,Coffee,27oz,ET-SHA-WES-STA-NAT-27OZ,36.00,,true,794,Colombia / Ethiopia,Natural,Espresso / Filter,single origin,modern,,2026-05-18,2026-06-24,2026-06
7326831444066,41841889968226,Colombia El Tambo-AMACA (5LB),colombia-el-tambo-amaca-5lb,Coffee,5lbs,CO-EL-TAM-AMA-5LB,160.00,,true,2313,Colombia,Washed,Espresso / Filter,single origin,modern,,2025-03-31,2026-06-24,2026-06
7327888834658,41845689385058,Doyenne Ethiopia Shakiso - 5LB,doyenne-ethiopia-shakiso-5lb,Coffee,5lbs,ET-DES-5-5LBS,160.00,,true,2313,Ethiopia,Natural,Espresso / Filter,single origin,modern,,2025-04-02,2026-06-24,2026-06
7327894143074,41845709471842,Delta Spirit Espresso Blend - 5LB,delta-spirit-espresso-blend-5lb,Coffee,5lbs,BLD-DSEB-5-5LBS,160.00,,true,2313,Colombia / Ethiopia,Natural / Washed,Espresso / Filter,blend,traditional,,2025-04-02,2026-06-24,2026-06
7516265676898,42651961983074,Decaf Colombia El Vergel Co-Ferment,decaf-colombia-brayan-alvear-co-ferment,Coffee,2oz,CO-DCBAC-2OZ,9.00,,true,85,Colombia,Innoculated,Espresso / Filter,single origin,modern,decaf,2026-03-26,2026-06-24,2026-06
7516265676898,42651962015842,Decaf Colombia El Vergel Co-Ferment,decaf-colombia-brayan-alvear-co-ferment,Coffee,10oz,CO-DCBAC-10OZ,38.00,,true,312,Colombia,Innoculated,Espresso / Filter,single origin,modern,decaf,2026-03-26,2026-06-24,2026-06
7516265676898,42651962048610,Decaf Colombia El Vergel Co-Ferment,decaf-colombia-brayan-alvear-co-ferment,Coffee,2lbs,CO-DCBAC-2LBS,120.00,,true,953,Colombia,Innoculated,Espresso / Filter,single origin,modern,decaf,2026-03-26,2026-06-24,2026-06
7516265676898,42651962081378,Decaf Colombia El Vergel Co-Ferment,decaf-colombia-brayan-alvear-co-ferment,Coffee,5lbs,CO-DCBAC-5LBS,200.00,,true,2313,Colombia,Innoculated,Espresso / Filter,single origin,modern,decaf,2026-03-26,2026-06-24,2026-06
7516265676898,42651962114146,Decaf Colombia El Vergel Co-Ferment,decaf-colombia-brayan-alvear-co-ferment,Coffee,10oz Case Pack (6),CO-DCBAC-6x10OZ,216.60,,true,1701,Colombia,Innoculated,Espresso / Filter,single origin,modern,decaf,2026-03-26,2026-06-24,2026-06
7516265676898,42651962146914,Decaf Colombia El Vergel Co-Ferment,decaf-colombia-brayan-alvear-co-ferment,Coffee,5lbs Case Pack (8),CO-DCBAC-8x5LBS,1520.00,,true,18144,Colombia,Innoculated,Espresso / Filter,single origin,modern,decaf,2026-03-26,2026-06-24,2026-06
7538438373474,42706857558114,Ecuador La Papaya Oak Barrel Anaerobic,ecuador-la-papaya-oak-barrel-anaerobic-26,Coffee,2oz,EC-ELPOBA-2OZ,8.00,,true,85,Ecuador,Anaerobic Natural,Espresso / Filter,single origin,modern,full,2026-04-16,2026-06-24,2026-06
7538438373474,42706857590882,Ecuador La Papaya Oak Barrel Anaerobic,ecuador-la-papaya-oak-barrel-anaerobic-26,Coffee,10oz,EC-ELPOBA-10OZ,38.00,,true,312,Ecuador,Anaerobic Natural,Espresso / Filter,single origin,modern,full,2026-04-16,2026-06-24,2026-06
7538438373474,42706857623650,Ecuador La Papaya Oak Barrel Anaerobic,ecuador-la-papaya-oak-barrel-anaerobic-26,Coffee,2lbs,EC-ELPOBA-2LBS,120.00,,true,953,Ecuador,Anaerobic Natural,Espresso / Filter,single origin,modern,full,2026-04-16,2026-06-24,2026-06
7538438373474,42706857656418,Ecuador La Papaya Oak Barrel Anaerobic,ecuador-la-papaya-oak-barrel-anaerobic-26,Coffee,5lbs,EC-ELPOBA-5LBS,200.00,,true,2313,Ecuador,Anaerobic Natural,Espresso / Filter,single origin,modern,full,2026-04-16,2026-06-24,2026-06
7538438373474,42706857689186,Ecuador La Papaya Oak Barrel Anaerobic,ecuador-la-papaya-oak-barrel-anaerobic-26,Coffee,10oz Case Pack (6),EC-ELPOBA-6x10OZ,216.60,,true,1701,Ecuador,Anaerobic Natural,Espresso / Filter,single origin,modern,full,2026-04-16,2026-06-24,2026-06
7538438373474,42706857721954,Ecuador La Papaya Oak Barrel Anaerobic,ecuador-la-papaya-oak-barrel-anaerobic-26,Coffee,5lbs Case Pack (8),EC-ELPOBA-8x5LBS,1520.00,,true,18144,Ecuador,Anaerobic Natural,Espresso / Filter,single origin,modern,full,2026-04-16,2026-06-24,2026-06
7538441224290,42706854445154,Peru El Mirante Gesha,peru-el-mirante-gesha,Coffee,2oz,PE-PEMG-2OZ,18.00,,true,85,Peru,Washed,Espresso / Filter,single origin,modern,full,2026-04-16,2026-06-24,2026-06
7538441224290,42706854477922,Peru El Mirante Gesha,peru-el-mirante-gesha,Coffee,10oz,PE-PEMG-10OZ,70.00,,true,312,Peru,Washed,Espresso / Filter,single origin,modern,full,2026-04-16,2026-06-24,2026-06
7538441224290,42706854510690,Peru El Mirante Gesha,peru-el-mirante-gesha,Coffee,2lbs,PE-PEMG-2LBS,128.00,,true,953,Peru,Washed,Espresso / Filter,single origin,modern,full,2026-04-16,2026-06-24,2026-06
7538441224290,42706854543458,Peru El Mirante Gesha,peru-el-mirante-gesha,Coffee,5lbs,PE-PEMG-5LBS,190.00,,true,2313,Peru,Washed,Espresso / Filter,single origin,modern,full,2026-04-16,2026-06-24,2026-06
7538441224290,42706854576226,Peru El Mirante Gesha,peru-el-mirante-gesha,Coffee,10oz Case Pack (6),PE-PEMG-6x10OZ,420.00,,true,1701,Peru,Washed,Espresso / Filter,single origin,modern,full,2026-04-16,2026-06-24,2026-06
7482229424226,42842312605794,Colombia Jairo Arcila Rose Process,colombia-jairo-arcila-rose-process,Coffee,2oz,CO-CJARP-2OZ,10.00,,true,85,Colombia,Innoculated / White Honey,Espresso / Filter,single origin,modern,full,2026-04-30,2026-06-24,2026-06
7482229424226,42842312638562,Colombia Jairo Arcila Rose Process,colombia-jairo-arcila-rose-process,Coffee,10oz,CO-CJARP-10OZ,48.00,,true,312,Colombia,Innoculated / White Honey,Espresso / Filter,single origin,modern,full,2026-04-30,2026-06-24,2026-06
7482229424226,42406754582626,Colombia Jairo Arcila Rose Process,colombia-jairo-arcila-rose-process,Coffee,2lbs,CO-CJARP-2LBS,128.00,,true,953,Colombia,Innoculated / White Honey,Espresso / Filter,single origin,modern,full,2026-04-30,2026-06-24,2026-06
7482229424226,42406754615394,Colombia Jairo Arcila Rose Process,colombia-jairo-arcila-rose-process,Coffee,5lbs,CO-CJARP-5LBS,315.00,,true,2313,Colombia,Innoculated / White Honey,Espresso / Filter,single origin,modern,full,2026-04-30,2026-06-24,2026-06
7538441977954,42842298613858,Peru La Margarita Gesha,peru-la-margarita-gesha-26,Coffee,2oz,PE-PLMG-2OZ,18.00,,true,85,Peru,Dry Washed,Espresso / Filter,single origin,modern,full,2026-04-30,2026-06-24,2026-06
7538441977954,42842298646626,Peru La Margarita Gesha,peru-la-margarita-gesha-26,Coffee,10oz,PE-PLMG-10OZ,70.00,,true,312,Peru,Dry Washed,Espresso / Filter,single origin,modern,full,2026-04-30,2026-06-24,2026-06
7538441977954,42842298679394,Peru La Margarita Gesha,peru-la-margarita-gesha-26,Coffee,2lbs,PE-PLMG-2LBS,128.00,,true,953,Peru,Dry Washed,Espresso / Filter,single origin,modern,full,2026-04-30,2026-06-24,2026-06
7538441977954,42842298712162,Peru La Margarita Gesha,peru-la-margarita-gesha-26,Coffee,5lbs,PE-PLMG-5LBS,190.00,,true,2313,Peru,Dry Washed,Espresso / Filter,single origin,modern,full,2026-04-30,2026-06-24,2026-06
7538441977954,42842298744930,Peru La Margarita Gesha,peru-la-margarita-gesha-26,Coffee,10oz Case Pack (6),PE-PLMG-6x10OZ,420.00,,true,1701,Peru,Dry Washed,Espresso / Filter,single origin,modern,full,2026-04-30,2026-06-24,2026-06
7620212457570,42962913886306,Colombia Juan Jimenez Pink Bourbon,colombia-juan-jimenez-pink-bourbon-26,Coffee,2oz,CO-CJJPB-2OZ-ALT,8.00,,true,85,Colombia,Washed,Espresso / Filter,single origin,modern,full,2026-05-28,2026-06-24,2026-06
7620212457570,42962913919074,Colombia Juan Jimenez Pink Bourbon,colombia-juan-jimenez-pink-bourbon-26,Coffee,10oz,CO-CJJPB-10OZ-ALT,32.00,,true,312,Colombia,Washed,Espresso / Filter,single origin,modern,full,2026-05-28,2026-06-24,2026-06
7620212457570,42962913951842,Colombia Juan Jimenez Pink Bourbon,colombia-juan-jimenez-pink-bourbon-26,Coffee,2lbs,CO-CJJPB-2LBS-ALT,70.00,,true,953,Colombia,Washed,Espresso / Filter,single origin,modern,full,2026-05-28,2026-06-24,2026-06
7620212457570,42962913984610,Colombia Juan Jimenez Pink Bourbon,colombia-juan-jimenez-pink-bourbon-26,Coffee,5lbs,CO-CJJPB-5LBS-ALT,165.00,,true,2313,Colombia,Washed,Espresso / Filter,single origin,modern,full,2026-05-28,2026-06-24,2026-06
7620212457570,42962914017378,Colombia Juan Jimenez Pink Bourbon,colombia-juan-jimenez-pink-bourbon-26,Coffee,10oz Case Pack (6),CO-CJJPB-6x10OZ-ALT,182.40,,false,1701,Colombia,Washed,Espresso / Filter,single origin,modern,full,2026-05-28,2026-06-24,2026-06
7620212457570,42962914050146,Colombia Juan Jimenez Pink Bourbon,colombia-juan-jimenez-pink-bourbon-26,Coffee,5lbs Case Pack (8),CO-CJJPB-8x5LBS-ALT,1254.00,,true,18144,Colombia,Washed,Espresso / Filter,single origin,modern,full,2026-05-28,2026-06-24,2026-06
7620224090210,42966561423458,Decaf Colombia Sebastian Ramirez Red Fruits,decaf-colombia-sebastian-ramirez,Coffee,2oz,CO-DCSRRF-2OZ,8.00,,true,85,Colombia,Dry Washed,Espresso / Filter,single origin,modern,decaf,2026-05-28,2026-06-24,2026-06
7620224090210,42966561456226,Decaf Colombia Sebastian Ramirez Red Fruits,decaf-colombia-sebastian-ramirez,Coffee,10oz,CO-DCSRRF-10OZ,38.00,,true,312,Colombia,Dry Washed,Espresso / Filter,single origin,modern,decaf,2026-05-28,2026-06-24,2026-06
7620224090210,42966561488994,Decaf Colombia Sebastian Ramirez Red Fruits,decaf-colombia-sebastian-ramirez,Coffee,2lbs,CO-DCSRRF-2LBS,120.00,,true,953,Colombia,Dry Washed,Espresso / Filter,single origin,modern,decaf,2026-05-28,2026-06-24,2026-06
7620224090210,42966561521762,Decaf Colombia Sebastian Ramirez Red Fruits,decaf-colombia-sebastian-ramirez,Coffee,5lbs,CO-DCSRRF-5LBS,200.00,,true,2313,Colombia,Dry Washed,Espresso / Filter,single origin,modern,decaf,2026-05-28,2026-06-24,2026-06
7620224090210,42966561554530,Decaf Colombia Sebastian Ramirez Red Fruits,decaf-colombia-sebastian-ramirez,Coffee,10oz Case Pack (6),CO-DCSRRF-6x10OZ,216.60,,true,1701,Colombia,Dry Washed,Espresso / Filter,single origin,modern,decaf,2026-05-28,2026-06-24,2026-06
7620224090210,42966561587298,Decaf Colombia Sebastian Ramirez Red Fruits,decaf-colombia-sebastian-ramirez,Coffee,5lbs Case Pack (8),CO-DCSRRF-8x5LBS,1520.00,,true,18144,Colombia,Dry Washed,Espresso / Filter,single origin,modern,decaf,2026-05-28,2026-06-24,2026-06
7620225663074,42979624288354,Colombia El Jardin Gesha,colombia-el-jardin-gesha,Coffee,2oz,CO-CEJG-2OZ,8.00,,true,85,Colombia,Anaerobic Washed,Espresso / Filter,single origin,modern,full,2026-06-04,2026-06-24,2026-06
7620225663074,42979624321122,Colombia El Jardin Gesha,colombia-el-jardin-gesha,Coffee,10oz,CO-CEJG-10OZ-ALT,32.00,,true,312,Colombia,Anaerobic Washed,Espresso / Filter,single origin,modern,full,2026-06-04,2026-06-24,2026-06
7620225663074,42979624353890,Colombia El Jardin Gesha,colombia-el-jardin-gesha,Coffee,2lbs,CO-CEJG-2LBS-ALT,70.00,,true,953,Colombia,Anaerobic Washed,Espresso / Filter,single origin,modern,full,2026-06-04,2026-06-24,2026-06
7620225663074,42979624386658,Colombia El Jardin Gesha,colombia-el-jardin-gesha,Coffee,5lbs,CO-CEJG-5LBS-ALT,165.00,,true,2313,Colombia,Anaerobic Washed,Espresso / Filter,single origin,modern,full,2026-06-04,2026-06-24,2026-06
7620225663074,42979624419426,Colombia El Jardin Gesha,colombia-el-jardin-gesha,Coffee,10oz Case Pack (6),CO-CEJG-6x10OZ-ALT,192.00,,true,1701,Colombia,Anaerobic Washed,Espresso / Filter,single origin,modern,full,2026-06-04,2026-06-24,2026-06
7620225663074,42979624452194,Colombia El Jardin Gesha,colombia-el-jardin-gesha,Coffee,5lbs Case Pack (8),CO-CEJG-8x5LBS-ALT,1320.00,,true,18144,Colombia,Anaerobic Washed,Espresso / Filter,single origin,modern,full,2026-06-04,2026-06-24,2026-06
7620226580578,42954442506338,Colombia Edward Sandoval Chiroso,colombia-edward-sandoval-chiroso-26,Coffee,2oz,CO-CESC-2OZ,6.00,,true,85,Colombia,Washed,Espresso / Filter,single origin,modern,full,2026-05-28,2026-06-24,2026-06
7620226580578,42954442539106,Colombia Edward Sandoval Chiroso,colombia-edward-sandoval-chiroso-26,Coffee,10oz,CO-CESC-10OZ-ALT,26.00,,true,312,Colombia,Washed,Espresso / Filter,single origin,modern,full,2026-05-28,2026-06-24,2026-06
7620226580578,42954442571874,Colombia Edward Sandoval Chiroso,colombia-edward-sandoval-chiroso-26,Coffee,2lbs,CO-CESC-2LBS-ALT,70.00,,true,953,Colombia,Washed,Espresso / Filter,single origin,modern,full,2026-05-28,2026-06-24,2026-06
7620226580578,42954442604642,Colombia Edward Sandoval Chiroso,colombia-edward-sandoval-chiroso-26,Coffee,5lbs,CO-CESC-5LBS-ALT,160.00,,true,2313,Colombia,Washed,Espresso / Filter,single origin,modern,full,2026-05-28,2026-06-24,2026-06
7620226580578,42954442637410,Colombia Edward Sandoval Chiroso,colombia-edward-sandoval-chiroso-26,Coffee,10oz Case Pack (6),CO-CESC-6x10OZ-ALT,148.20,,true,1701,Colombia,Washed,Espresso / Filter,single origin,modern,full,2026-05-28,2026-06-24,2026-06
7620226580578,42954442670178,Colombia Edward Sandoval Chiroso,colombia-edward-sandoval-chiroso-26,Coffee,5lbs Case Pack (8),CO-CESC-8x5LBS-ALT,1216.00,,true,18144,Colombia,Washed,Espresso / Filter,single origin,modern,full,2026-05-28,2026-06-24,2026-06
7703036493922,42968347476066,Colombia Nestor Lasso Ombligon - Cafes Only,colombia-nestor-lasso-ombligon-cafes-only,Coffee,10oz,CO-CNLO-10OZ-CAFE,90.00,,true,312,Colombia,Thermal-Shock,Espresso / Filter,single origin,modern,full,2026-05-27,2026-06-24,2026-06
7704612143202,42968007639138,Geometry - Cafes Only,geometry-cafe,Coffee,5lbs,1443-CAFE,124.00,,true,2313,Colombia / Ethiopia,Washed,Espresso / Filter,blend,modern,full,2026-05-27,2026-06-24,2026-06
7704615911522,42968016584802,Tropical Weather - Cafes Only,tropical-weather-cafe,Coffee,5lbs,1410-CAFE,146.00,,true,2313,Ethiopia,Natural / Washed,Espresso / Filter,blend,modern,full,2026-05-27,2026-06-24,2026-06
7704634982498,42968309399650,Decaf Colombia Inzá San Antonio  - Cafes Only,decaf-colombia-inza-san-antonio-cafe,Coffee,5lbs,10809-CAFE,146.00,,true,2313,Colombia,Washed,Espresso / Filter,single origin,modern,decaf,2026-05-27,2026-06-24,2026-06
7704638586978,42968357503074,Ecuador La Papaya Oak Barrel Anaerobic - Cafes Only,ecuador-la-papaya-oak-barrel-anaerobic-cafes-only,Coffee,5lbs,EC-ELPOBA-CO-5LBS-CAFE,200.00,,true,2313,Ecuador,Anaerobic Natural,Espresso / Filter,single origin,modern,full,2026-05-27,2026-06-24,2026-06
7704639930466,42968421761122,Colombia Juan Jimenez Pink Bourbon - Cafe Only,colombia-juan-jimenez-pink-bourbon-cafe-only,Coffee,2lbs,CO-CJJPB-CO-2LBS-CAFE,70.00,,true,953,Colombia,Washed,Espresso / Filter,single origin,modern,full,2026-05-27,2026-06-24,2026-06
7446333227106,42278633177186,Smiley 1972 Blend - 5lbs - Wholesale,smiley-1972-blend-5lbs-wholesale,Coffee,5lbs,SMILE-BLD-S1B-5LBS-WS,86.00,,true,2313,Colombia / Ethiopia,Washed,Espresso / Filter,blend,modern,,2025-10-29,2026-06-24,2026-06
7516914810978,43042788933730,California Finca 1890 Gesha,california-frinj-finca-1890-gesha,Coffee,2oz,BLD-CF1G-2OZ,36.00,,true,85,California,Dry Washed,Espresso / Filter,single origin,modern,,2026-03-11,2026-06-24,2026-06
7516914810978,43042789195874,California Finca 1890 Gesha,california-frinj-finca-1890-gesha,Coffee,10oz,BLD-CF1G-10OZ,144.00,,true,312,California,Dry Washed,Espresso / Filter,single origin,modern,,2026-03-11,2026-06-24,2026-06
